{
  "model": "MobileFaceNet_W600K_aligned",
  "dataset": "RMFRD",
  "num_paired_identities": 403,
  "num_gallery_images": 4029,
  "num_probe_images": 1945,
  "num_positive_pairs": 1945,
  "num_negative_pairs": 9725,
  "gallery_per_id": 10,
  "roc_auc": 0.8554715604575703,
  "rank1_identification": 0.3655526992287918,
  "tar_far_1e-3": 0.26426735218508995,
  "tar_far_1e-4": 0.13830334190231364,
  "tar_far_1e-5": 0.13830334190231364
}