{
  "model": "MobileFaceNet_W600K",
  "dataset": "RMFRD",
  "num_paired_identities": 403,
  "num_gallery_images": 4029,
  "num_probe_images": 1945,
  "num_positive_pairs": 1945,
  "num_negative_pairs": 9725,
  "gallery_per_id": 10,
  "roc_auc": 0.6871674123221495,
  "rank1_identification": 0.0724935732647815,
  "tar_far_1e-3": 0.037017994858611826,
  "tar_far_1e-4": 0.006169665809768638,
  "tar_far_1e-5": 0.006169665809768638
}