{
  "model": "Student_Phase3_SWA",
  "dataset": "RMFRD",
  "num_paired_identities": 403,
  "num_gallery_images": 4029,
  "num_probe_images": 1945,
  "num_positive_pairs": 1945,
  "num_negative_pairs": 9725,
  "gallery_per_id": 10,
  "roc_auc": 0.6989887457788411,
  "rank1_identification": 0.06838046272493574,
  "tar_far_1e-3": 0.03958868894601542,
  "tar_far_1e-4": 0.0071979434447300775,
  "tar_far_1e-5": 0.0071979434447300775
}