{
  "student": {
    "lfw": {
      "accuracy": 0.99,
      "roc_auc": 0.9932517222222221,
      "best_threshold": 0.255615234375,
      "num_pairs": 6000,
      "num_scores_non_finite": 0,
      "tar_far_1e-3": 0.9803333333333333,
      "tar_far_1e-4": 0.9753333333333334,
      "tar_far_1e-5": 0.9753333333333334
    },
    "cfp_fp": {
      "accuracy": 0.9154285714285715,
      "roc_auc": 0.953114693877551,
      "best_threshold": 0.153076171875,
      "num_pairs": 7000,
      "num_scores_non_finite": 0,
      "tar_far_1e-3": 0.7042857142857143,
      "tar_far_1e-4": 0.5714285714285714,
      "tar_far_1e-5": 0.5714285714285714
    },
    "agedb30": {
      "accuracy": 0.94,
      "roc_auc": 0.9727039444444444,
      "best_threshold": 0.1990966796875,
      "num_pairs": 6000,
      "num_scores_non_finite": 0,
      "tar_far_1e-3": 0.7523333333333333,
      "tar_far_1e-4": 0.6666666666666666,
      "tar_far_1e-5": 0.6666666666666666
    },
    "aggregate": {
      "mean_accuracy": 0.9484761904761904,
      "mean_roc_auc": 0.9730234535147392
    }
  },
  "teacher": {
    "lfw": {
      "accuracy": 0.9978333333333333,
      "roc_auc": 0.9994083888888888,
      "best_threshold": 0.34130859375,
      "num_pairs": 6000,
      "num_scores_non_finite": 0,
      "tar_far_1e-3": 0.9966666666666667,
      "tar_far_1e-4": 0.9956666666666667,
      "tar_far_1e-5": 0.9956666666666667
    },
    "cfp_fp": {
      "accuracy": 0.9627142857142857,
      "roc_auc": 0.9752899183673469,
      "best_threshold": 0.1973876953125,
      "num_pairs": 7000,
      "num_scores_non_finite": 0,
      "tar_far_1e-3": 0.9134285714285715,
      "tar_far_1e-4": 0.902,
      "tar_far_1e-5": 0.902
    },
    "agedb30": {
      "accuracy": 0.983,
      "roc_auc": 0.9914585555555555,
      "best_threshold": 0.2447509765625,
      "num_pairs": 6000,
      "num_scores_non_finite": 0,
      "tar_far_1e-3": 0.9603333333333334,
      "tar_far_1e-4": 0.9193333333333333,
      "tar_far_1e-5": 0.9193333333333333
    },
    "aggregate": {
      "mean_accuracy": 0.9811825396825397,
      "mean_roc_auc": 0.9887189542705971
    }
  }
}