{
  "MobileFaceNet_W600K": {
    "lfw": {
      "clean_acc": 0.996,
      "masked_acc": 0.9793333333333333,
      "drop_acc": 0.01666666666666672,
      "clean_tar_1e3": 0.9906666666666667,
      "masked_tar_1e3": 0.9053333333333333,
      "drop_tar_1e3": 0.08533333333333337,
      "clean_tar_1e4": 0.9813333333333333,
      "masked_tar_1e4": 0.8843333333333333,
      "drop_tar_1e4": 0.09699999999999998
    },
    "cfp_fp": {
      "clean_acc": 0.9542857142857143,
      "masked_acc": 0.8558571428571429,
      "drop_acc": 0.09842857142857142,
      "clean_tar_1e3": 0.8625714285714285,
      "masked_tar_1e3": 0.31342857142857145,
      "drop_tar_1e3": 0.5491428571428572,
      "clean_tar_1e4": 0.8074285714285714,
      "masked_tar_1e4": 0.162,
      "drop_tar_1e4": 0.6454285714285714
    },
    "agedb_30": {
      "clean_acc": 0.9648333333333333,
      "masked_acc": 0.8715,
      "drop_acc": 0.09333333333333327,
      "clean_tar_1e3": 0.871,
      "masked_tar_1e3": 0.32066666666666666,
      "drop_tar_1e3": 0.5503333333333333,
      "clean_tar_1e4": 0.566,
      "masked_tar_1e4": 0.11733333333333333,
      "drop_tar_1e4": 0.4486666666666666
    },
    "cplfw": {
      "clean_acc": 0.9173333333333333,
      "masked_acc": 0.8338333333333333,
      "drop_acc": 0.08350000000000002,
      "clean_tar_1e3": 0.7406666666666667,
      "masked_tar_1e3": 0.24633333333333332,
      "drop_tar_1e3": 0.4943333333333334,
      "clean_tar_1e4": 0.666,
      "masked_tar_1e4": 0.121,
      "drop_tar_1e4": 0.545
    },
    "calfw": {
      "clean_acc": 0.9533333333333334,
      "masked_acc": 0.8936666666666667,
      "drop_acc": 0.059666666666666646,
      "clean_tar_1e3": 0.864,
      "masked_tar_1e3": 0.5403333333333333,
      "drop_tar_1e3": 0.32366666666666666,
      "clean_tar_1e4": 0.8236666666666667,
      "masked_tar_1e4": 0.345,
      "drop_tar_1e4": 0.4786666666666667
    }
  }
}