{
  "lfw": {
    "clean_acc": 0.9943333333333333,
    "masked_acc": 0.9811666666666666,
    "drop_acc": 0.01316666666666666,
    "clean_tar_1e3": 0.988,
    "masked_tar_1e3": 0.9263333333333333,
    "drop_tar_1e3": 0.06166666666666665,
    "clean_tar_1e4": 0.977,
    "masked_tar_1e4": 0.8733333333333333
  },
  "cfp_fp": {
    "clean_acc": 0.9277142857142857,
    "masked_acc": 0.867,
    "drop_acc": 0.06071428571428572,
    "clean_tar_1e3": 0.7428571428571429,
    "masked_tar_1e3": 0.37,
    "drop_tar_1e3": 0.3728571428571429,
    "clean_tar_1e4": 0.6417142857142857,
    "masked_tar_1e4": 0.33171428571428574
  },
  "agedb_30": {
    "clean_acc": 0.9513333333333334,
    "masked_acc": 0.891,
    "drop_acc": 0.06033333333333335,
    "clean_tar_1e3": 0.705,
    "masked_tar_1e3": 0.35333333333333333,
    "drop_tar_1e3": 0.3516666666666666,
    "clean_tar_1e4": 0.637,
    "masked_tar_1e4": 0.29
  },
  "cplfw": {
    "clean_acc": 0.8915,
    "masked_acc": 0.8451666666666666,
    "drop_acc": 0.04633333333333334,
    "clean_tar_1e3": 0.5603333333333333,
    "masked_tar_1e3": 0.3333333333333333,
    "drop_tar_1e3": 0.22700000000000004,
    "clean_tar_1e4": 0.12066666666666667,
    "masked_tar_1e4": 0.12433333333333334
  },
  "calfw": {
    "clean_acc": 0.9485,
    "masked_acc": 0.916,
    "drop_acc": 0.03249999999999997,
    "clean_tar_1e3": 0.8396666666666667,
    "masked_tar_1e3": 0.5736666666666667,
    "drop_tar_1e3": 0.266,
    "clean_tar_1e4": 0.7903333333333333,
    "masked_tar_1e4": 0.5173333333333333
  }
}