{
  "lfw": {
    "clean_acc": 0.9901666666666666,
    "masked_acc": 0.985,
    "drop_acc": 0.005166666666666653,
    "clean_tar_1e3": 0.9793333333333333,
    "masked_tar_1e3": 0.9533333333333334,
    "drop_tar_1e3": 0.025999999999999912,
    "clean_tar_1e4": 0.9763333333333334,
    "masked_tar_1e4": 0.911
  },
  "cfp_fp": {
    "clean_acc": 0.9204285714285714,
    "masked_acc": 0.876,
    "drop_acc": 0.04442857142857137,
    "clean_tar_1e3": 0.6642857142857143,
    "masked_tar_1e3": 0.44342857142857145,
    "drop_tar_1e3": 0.2208571428571428,
    "clean_tar_1e4": 0.5248571428571429,
    "masked_tar_1e4": 0.38342857142857145
  },
  "agedb_30": {
    "clean_acc": 0.9358333333333333,
    "masked_acc": 0.8983333333333333,
    "drop_acc": 0.03749999999999998,
    "clean_tar_1e3": 0.7213333333333334,
    "masked_tar_1e3": 0.4166666666666667,
    "drop_tar_1e3": 0.3046666666666667,
    "clean_tar_1e4": 0.6723333333333333,
    "masked_tar_1e4": 0.27566666666666667
  },
  "cplfw": {
    "clean_acc": 0.8925,
    "masked_acc": 0.8491666666666666,
    "drop_acc": 0.043333333333333335,
    "clean_tar_1e3": 0.5226666666666666,
    "masked_tar_1e3": 0.25666666666666665,
    "drop_tar_1e3": 0.26599999999999996,
    "clean_tar_1e4": 0.19533333333333333,
    "masked_tar_1e4": 0.0033333333333333335
  },
  "calfw": {
    "clean_acc": 0.938,
    "masked_acc": 0.922,
    "drop_acc": 0.015999999999999903,
    "clean_tar_1e3": 0.795,
    "masked_tar_1e3": 0.59,
    "drop_tar_1e3": 0.20500000000000007,
    "clean_tar_1e4": 0.6483333333333333,
    "masked_tar_1e4": 0.3923333333333333
  }
}