{
  "lfw": {
    "clean_acc": 0.992,
    "masked_acc": 0.9846666666666667,
    "drop_acc": 0.007333333333333303,
    "clean_tar_1e3": 0.9833333333333333,
    "masked_tar_1e3": 0.934,
    "drop_tar_1e3": 0.04933333333333323,
    "clean_tar_1e4": 0.976,
    "masked_tar_1e4": 0.8926666666666667
  },
  "cfp_fp": {
    "clean_acc": 0.9414285714285714,
    "masked_acc": 0.8748571428571429,
    "drop_acc": 0.0665714285714285,
    "clean_tar_1e3": 0.8,
    "masked_tar_1e3": 0.3891428571428571,
    "drop_tar_1e3": 0.4108571428571429,
    "clean_tar_1e4": 0.7294285714285714,
    "masked_tar_1e4": 0.244
  },
  "agedb_30": {
    "clean_acc": 0.9575,
    "masked_acc": 0.9011666666666667,
    "drop_acc": 0.056333333333333346,
    "clean_tar_1e3": 0.78,
    "masked_tar_1e3": 0.383,
    "drop_tar_1e3": 0.397,
    "clean_tar_1e4": 0.6853333333333333,
    "masked_tar_1e4": 0.28
  },
  "cplfw": {
    "clean_acc": 0.9011666666666667,
    "masked_acc": 0.847,
    "drop_acc": 0.054166666666666696,
    "clean_tar_1e3": 0.6156666666666667,
    "masked_tar_1e3": 0.35833333333333334,
    "drop_tar_1e3": 0.25733333333333336,
    "clean_tar_1e4": 0.13166666666666665,
    "masked_tar_1e4": 0.13333333333333333
  },
  "calfw": {
    "clean_acc": 0.9483333333333334,
    "masked_acc": 0.9196666666666666,
    "drop_acc": 0.02866666666666673,
    "clean_tar_1e3": 0.848,
    "masked_tar_1e3": 0.5776666666666667,
    "drop_tar_1e3": 0.2703333333333333,
    "clean_tar_1e4": 0.704,
    "masked_tar_1e4": 0.5496666666666666
  }
}