{
  "lfw": {
    "clean_acc": 0.9925,
    "masked_acc": 0.983,
    "drop_acc": 0.009500000000000064,
    "clean_tar_1e3": 0.9846666666666667,
    "masked_tar_1e3": 0.9473333333333334,
    "drop_tar_1e3": 0.03733333333333333,
    "clean_tar_1e4": 0.9686666666666667,
    "masked_tar_1e4": 0.8783333333333333
  },
  "cfp_fp": {
    "clean_acc": 0.9342857142857143,
    "masked_acc": 0.8572857142857143,
    "drop_acc": 0.07699999999999996,
    "clean_tar_1e3": 0.7682857142857142,
    "masked_tar_1e3": 0.3994285714285714,
    "drop_tar_1e3": 0.36885714285714283,
    "clean_tar_1e4": 0.7065714285714285,
    "masked_tar_1e4": 0.24714285714285714
  },
  "agedb_30": {
    "clean_acc": 0.9566666666666667,
    "masked_acc": 0.898,
    "drop_acc": 0.058666666666666645,
    "clean_tar_1e3": 0.8243333333333334,
    "masked_tar_1e3": 0.36233333333333334,
    "drop_tar_1e3": 0.462,
    "clean_tar_1e4": 0.7763333333333333,
    "masked_tar_1e4": 0.30933333333333335
  },
  "cplfw": {
    "clean_acc": 0.9021666666666667,
    "masked_acc": 0.8481666666666666,
    "drop_acc": 0.05400000000000005,
    "clean_tar_1e3": 0.578,
    "masked_tar_1e3": 0.35633333333333334,
    "drop_tar_1e3": 0.22166666666666662,
    "clean_tar_1e4": 0.028,
    "masked_tar_1e4": 0.072
  },
  "calfw": {
    "clean_acc": 0.9495,
    "masked_acc": 0.9201666666666667,
    "drop_acc": 0.029333333333333322,
    "clean_tar_1e3": 0.8706666666666667,
    "masked_tar_1e3": 0.6226666666666667,
    "drop_tar_1e3": 0.248,
    "clean_tar_1e4": 0.7593333333333333,
    "masked_tar_1e4": 0.513
  }
}