{
  "lfw": {
    "clean_acc": 0.9958333333333333,
    "masked_acc": 0.9831666666666666,
    "drop_acc": 0.012666666666666715,
    "clean_tar_1e3": 0.9913333333333333,
    "masked_tar_1e3": 0.9556666666666667,
    "drop_tar_1e3": 0.035666666666666624,
    "clean_tar_1e4": 0.9803333333333333,
    "masked_tar_1e4": 0.9063333333333333
  },
  "cfp_fp": {
    "clean_acc": 0.9267142857142857,
    "masked_acc": 0.8717142857142857,
    "drop_acc": 0.05500000000000005,
    "clean_tar_1e3": 0.6831428571428572,
    "masked_tar_1e3": 0.3454285714285714,
    "drop_tar_1e3": 0.33771428571428574,
    "clean_tar_1e4": 0.6342857142857142,
    "masked_tar_1e4": 0.19257142857142856
  },
  "agedb_30": {
    "clean_acc": 0.9531666666666667,
    "masked_acc": 0.8986666666666666,
    "drop_acc": 0.054500000000000104,
    "clean_tar_1e3": 0.7146666666666667,
    "masked_tar_1e3": 0.37033333333333335,
    "drop_tar_1e3": 0.3443333333333333,
    "clean_tar_1e4": 0.6293333333333333,
    "masked_tar_1e4": 0.327
  },
  "cplfw": {
    "clean_acc": 0.8931666666666667,
    "masked_acc": 0.8505,
    "drop_acc": 0.04266666666666663,
    "clean_tar_1e3": 0.49866666666666665,
    "masked_tar_1e3": 0.16933333333333334,
    "drop_tar_1e3": 0.3293333333333333,
    "clean_tar_1e4": 0.127,
    "masked_tar_1e4": 0.012333333333333333
  },
  "calfw": {
    "clean_acc": 0.951,
    "masked_acc": 0.9191666666666667,
    "drop_acc": 0.03183333333333327,
    "clean_tar_1e3": 0.8493333333333334,
    "masked_tar_1e3": 0.6246666666666667,
    "drop_tar_1e3": 0.22466666666666668,
    "clean_tar_1e4": 0.8133333333333334,
    "masked_tar_1e4": 0.5103333333333333
  }
}