{
  "phase1/latest": {
    "lfw": {
      "clean_acc": 0.9925,
      "masked_acc": 0.983,
      "drop_acc": 0.009500000000000064,
      "clean_tar_1e3": 0.9846666666666667,
      "masked_tar_1e3": 0.9473333333333334,
      "drop_tar_1e3": 0.03733333333333333,
      "clean_tar_1e4": 0.9686666666666667,
      "masked_tar_1e4": 0.8783333333333333
    },
    "cfp_fp": {
      "clean_acc": 0.9342857142857143,
      "masked_acc": 0.8572857142857143,
      "drop_acc": 0.07699999999999996,
      "clean_tar_1e3": 0.7682857142857142,
      "masked_tar_1e3": 0.3994285714285714,
      "drop_tar_1e3": 0.36885714285714283,
      "clean_tar_1e4": 0.7065714285714285,
      "masked_tar_1e4": 0.24714285714285714
    },
    "agedb_30": {
      "clean_acc": 0.9566666666666667,
      "masked_acc": 0.898,
      "drop_acc": 0.058666666666666645,
      "clean_tar_1e3": 0.8243333333333334,
      "masked_tar_1e3": 0.36233333333333334,
      "drop_tar_1e3": 0.462,
      "clean_tar_1e4": 0.7763333333333333,
      "masked_tar_1e4": 0.30933333333333335
    },
    "cplfw": {
      "clean_acc": 0.9021666666666667,
      "masked_acc": 0.8481666666666666,
      "drop_acc": 0.05400000000000005,
      "clean_tar_1e3": 0.578,
      "masked_tar_1e3": 0.35633333333333334,
      "drop_tar_1e3": 0.22166666666666662,
      "clean_tar_1e4": 0.028,
      "masked_tar_1e4": 0.072
    },
    "calfw": {
      "clean_acc": 0.9495,
      "masked_acc": 0.9201666666666667,
      "drop_acc": 0.029333333333333322,
      "clean_tar_1e3": 0.8706666666666667,
      "masked_tar_1e3": 0.6226666666666667,
      "drop_tar_1e3": 0.248,
      "clean_tar_1e4": 0.7593333333333333,
      "masked_tar_1e4": 0.513
    }
  },
  "phase1/best": {
    "lfw": {
      "clean_acc": 0.992,
      "masked_acc": 0.9846666666666667,
      "drop_acc": 0.007333333333333303,
      "clean_tar_1e3": 0.9833333333333333,
      "masked_tar_1e3": 0.934,
      "drop_tar_1e3": 0.04933333333333323,
      "clean_tar_1e4": 0.976,
      "masked_tar_1e4": 0.8926666666666667
    },
    "cfp_fp": {
      "clean_acc": 0.9414285714285714,
      "masked_acc": 0.8748571428571429,
      "drop_acc": 0.0665714285714285,
      "clean_tar_1e3": 0.8,
      "masked_tar_1e3": 0.3891428571428571,
      "drop_tar_1e3": 0.4108571428571429,
      "clean_tar_1e4": 0.7294285714285714,
      "masked_tar_1e4": 0.244
    },
    "agedb_30": {
      "clean_acc": 0.9575,
      "masked_acc": 0.9011666666666667,
      "drop_acc": 0.056333333333333346,
      "clean_tar_1e3": 0.78,
      "masked_tar_1e3": 0.383,
      "drop_tar_1e3": 0.397,
      "clean_tar_1e4": 0.6853333333333333,
      "masked_tar_1e4": 0.28
    },
    "cplfw": {
      "clean_acc": 0.9011666666666667,
      "masked_acc": 0.847,
      "drop_acc": 0.054166666666666696,
      "clean_tar_1e3": 0.6156666666666667,
      "masked_tar_1e3": 0.35833333333333334,
      "drop_tar_1e3": 0.25733333333333336,
      "clean_tar_1e4": 0.13166666666666665,
      "masked_tar_1e4": 0.13333333333333333
    },
    "calfw": {
      "clean_acc": 0.9483333333333334,
      "masked_acc": 0.9196666666666666,
      "drop_acc": 0.02866666666666673,
      "clean_tar_1e3": 0.848,
      "masked_tar_1e3": 0.5776666666666667,
      "drop_tar_1e3": 0.2703333333333333,
      "clean_tar_1e4": 0.704,
      "masked_tar_1e4": 0.5496666666666666
    }
  },
  "phase3/latest": {
    "lfw": {
      "clean_acc": 0.9901666666666666,
      "masked_acc": 0.985,
      "drop_acc": 0.005166666666666653,
      "clean_tar_1e3": 0.9793333333333333,
      "masked_tar_1e3": 0.9533333333333334,
      "drop_tar_1e3": 0.025999999999999912,
      "clean_tar_1e4": 0.9763333333333334,
      "masked_tar_1e4": 0.911
    },
    "cfp_fp": {
      "clean_acc": 0.9204285714285714,
      "masked_acc": 0.876,
      "drop_acc": 0.04442857142857137,
      "clean_tar_1e3": 0.6642857142857143,
      "masked_tar_1e3": 0.44342857142857145,
      "drop_tar_1e3": 0.2208571428571428,
      "clean_tar_1e4": 0.5248571428571429,
      "masked_tar_1e4": 0.38342857142857145
    },
    "agedb_30": {
      "clean_acc": 0.9358333333333333,
      "masked_acc": 0.8983333333333333,
      "drop_acc": 0.03749999999999998,
      "clean_tar_1e3": 0.7213333333333334,
      "masked_tar_1e3": 0.4166666666666667,
      "drop_tar_1e3": 0.3046666666666667,
      "clean_tar_1e4": 0.6723333333333333,
      "masked_tar_1e4": 0.27566666666666667
    },
    "cplfw": {
      "clean_acc": 0.8925,
      "masked_acc": 0.8491666666666666,
      "drop_acc": 0.043333333333333335,
      "clean_tar_1e3": 0.5226666666666666,
      "masked_tar_1e3": 0.25666666666666665,
      "drop_tar_1e3": 0.26599999999999996,
      "clean_tar_1e4": 0.19533333333333333,
      "masked_tar_1e4": 0.0033333333333333335
    },
    "calfw": {
      "clean_acc": 0.938,
      "masked_acc": 0.922,
      "drop_acc": 0.015999999999999903,
      "clean_tar_1e3": 0.795,
      "masked_tar_1e3": 0.59,
      "drop_tar_1e3": 0.20500000000000007,
      "clean_tar_1e4": 0.6483333333333333,
      "masked_tar_1e4": 0.3923333333333333
    }
  },
  "phase3/swa": {
    "lfw": {
      "clean_acc": 0.99,
      "masked_acc": 0.9848333333333333,
      "drop_acc": 0.005166666666666653,
      "clean_tar_1e3": 0.9803333333333333,
      "masked_tar_1e3": 0.9616666666666667,
      "drop_tar_1e3": 0.01866666666666661,
      "clean_tar_1e4": 0.9753333333333334,
      "masked_tar_1e4": 0.916
    },
    "cfp_fp": {
      "clean_acc": 0.9154285714285715,
      "masked_acc": 0.8708571428571429,
      "drop_acc": 0.044571428571428595,
      "clean_tar_1e3": 0.7042857142857143,
      "masked_tar_1e3": 0.406,
      "drop_tar_1e3": 0.29828571428571427,
      "clean_tar_1e4": 0.5714285714285714,
      "masked_tar_1e4": 0.3345714285714286
    },
    "agedb_30": {
      "clean_acc": 0.94,
      "masked_acc": 0.8956666666666667,
      "drop_acc": 0.044333333333333225,
      "clean_tar_1e3": 0.7523333333333333,
      "masked_tar_1e3": 0.43166666666666664,
      "drop_tar_1e3": 0.32066666666666666,
      "clean_tar_1e4": 0.6666666666666666,
      "masked_tar_1e4": 0.296
    },
    "cplfw": {
      "clean_acc": 0.8971666666666667,
      "masked_acc": 0.855,
      "drop_acc": 0.042166666666666686,
      "clean_tar_1e3": 0.499,
      "masked_tar_1e3": 0.351,
      "drop_tar_1e3": 0.14800000000000002,
      "clean_tar_1e4": 0.123,
      "masked_tar_1e4": 0.019666666666666666
    },
    "calfw": {
      "clean_acc": 0.9406666666666667,
      "masked_acc": 0.9236666666666666,
      "drop_acc": 0.017000000000000015,
      "clean_tar_1e3": 0.754,
      "masked_tar_1e3": 0.6536666666666666,
      "drop_tar_1e3": 0.10033333333333339,
      "clean_tar_1e4": 0.0,
      "masked_tar_1e4": 0.5163333333333333
    }
  },
  "phase3/best": {
    "lfw": {
      "clean_acc": 0.9943333333333333,
      "masked_acc": 0.9811666666666666,
      "drop_acc": 0.01316666666666666,
      "clean_tar_1e3": 0.988,
      "masked_tar_1e3": 0.9263333333333333,
      "drop_tar_1e3": 0.06166666666666665,
      "clean_tar_1e4": 0.977,
      "masked_tar_1e4": 0.8733333333333333
    },
    "cfp_fp": {
      "clean_acc": 0.9277142857142857,
      "masked_acc": 0.867,
      "drop_acc": 0.06071428571428572,
      "clean_tar_1e3": 0.7428571428571429,
      "masked_tar_1e3": 0.37,
      "drop_tar_1e3": 0.3728571428571429,
      "clean_tar_1e4": 0.6417142857142857,
      "masked_tar_1e4": 0.33171428571428574
    },
    "agedb_30": {
      "clean_acc": 0.9513333333333334,
      "masked_acc": 0.891,
      "drop_acc": 0.06033333333333335,
      "clean_tar_1e3": 0.705,
      "masked_tar_1e3": 0.35333333333333333,
      "drop_tar_1e3": 0.3516666666666666,
      "clean_tar_1e4": 0.637,
      "masked_tar_1e4": 0.29
    },
    "cplfw": {
      "clean_acc": 0.8915,
      "masked_acc": 0.8451666666666666,
      "drop_acc": 0.04633333333333334,
      "clean_tar_1e3": 0.5603333333333333,
      "masked_tar_1e3": 0.3333333333333333,
      "drop_tar_1e3": 0.22700000000000004,
      "clean_tar_1e4": 0.12066666666666667,