{
  "lfw": {
    "clean_acc": 0.9978333333333333,
    "masked_acc": 0.9853333333333333,
    "drop_acc": 0.012500000000000067,
    "clean_tar_1e3": 0.9966666666666667,
    "masked_tar_1e3": 0.9556666666666667,
    "drop_tar_1e3": 0.041000000000000036,
    "clean_tar_1e4": 0.9956666666666667,
    "masked_tar_1e4": 0.917
  },
  "cfp_fp": {
    "clean_acc": 0.9627142857142857,
    "masked_acc": 0.8697142857142857,
    "drop_acc": 0.09300000000000008,
    "clean_tar_1e3": 0.9134285714285715,
    "masked_tar_1e3": 0.39371428571428574,
    "drop_tar_1e3": 0.5197142857142858,
    "clean_tar_1e4": 0.902,
    "masked_tar_1e4": 0.019428571428571427
  },
  "agedb_30": {
    "clean_acc": 0.983,
    "masked_acc": 0.9118333333333334,
    "drop_acc": 0.0711666666666666,
    "clean_tar_1e3": 0.9603333333333334,
    "masked_tar_1e3": 0.4196666666666667,
    "drop_tar_1e3": 0.5406666666666666,
    "clean_tar_1e4": 0.9193333333333333,
    "masked_tar_1e4": 0.24266666666666667
  },
  "cplfw": {
    "clean_acc": 0.923,
    "masked_acc": 0.8461666666666666,
    "drop_acc": 0.07683333333333342,
    "clean_tar_1e3": 0.783,
    "masked_tar_1e3": 0.059333333333333335,
    "drop_tar_1e3": 0.7236666666666667,
    "clean_tar_1e4": 0.3413333333333333,
    "masked_tar_1e4": 0.004666666666666667
  },
  "calfw": {
    "clean_acc": 0.9605,
    "masked_acc": 0.9191666666666667,
    "drop_acc": 0.04133333333333333,
    "clean_tar_1e3": 0.9193333333333333,
    "masked_tar_1e3": 0.6836666666666666,
    "drop_tar_1e3": 0.2356666666666667,
    "clean_tar_1e4": 0.915,
    "masked_tar_1e4": 0.625
  }
}