{
  "model": "V1_best",
  "dataset": "MFR2",
  "num_paired_identities": 53,
  "num_gallery_images": 98,
  "num_probe_images": 171,
  "verification_auc": 0.9417719829120684,
  "verification_num_same_pairs": 424,
  "verification_num_diff_pairs": 424,
  "identification_auc": 0.9537156731985911,
  "identification_rank1": 0.6198830409356725,
  "verification_tar_far_1e-3": 0.24528301886792453,
  "identification_tar_far_1e-3": 0.28654970760233917,
  "verification_tar_far_1e-4": 0.24528301886792453,
  "identification_tar_far_1e-4": 0.28654970760233917
}