{
  "model": "V3_SWA",
  "dataset": "MFR2",
  "num_paired_identities": 53,
  "num_gallery_images": 98,
  "num_probe_images": 171,
  "verification_auc": 0.9438245372018511,
  "verification_num_same_pairs": 424,
  "verification_num_diff_pairs": 424,
  "identification_auc": 0.9598987722718101,
  "identification_rank1": 0.6666666666666666,
  "verification_tar_far_1e-3": 0.37028301886792453,
  "identification_tar_far_1e-3": 0.3508771929824561,
  "verification_tar_far_1e-4": 0.37028301886792453,
  "identification_tar_far_1e-4": 0.3508771929824561
}