{
  "protocol": "ijbb",
  "num_faces": 227630,
  "num_templates": 12115,
  "num_pairs_total": 8010270,
  "num_pairs_scored": 8010270,
  "num_pairs_missing_t1": 0,
  "num_pairs_missing_t2": 0,
  "missing_face_images": 0,
  "template_pooling": "mean",
  "roc_auc": 0.9920479349622688,
  "num_scores_non_finite": 0,
  "tar_far_1e-3": 0.9222979552093477,
  "tar_far_1e-4": 0.8511197663096397,
  "tar_far_1e-5": 0.6837390457643622
}
