{
  "lfw": {
    "clean_acc": 0.9736666666666667,
    "masked_acc": 0.9838333333333333,
    "drop_acc": -0.010166666666666657,
    "clean_tar_1e3": 0.9473333333333334,
    "masked_tar_1e3": 0.9303333333333333,
    "drop_tar_1e3": 0.017000000000000015,
    "clean_tar_1e4": 0.9296666666666666,
    "masked_tar_1e4": 0.8353333333333334
  },
  "cfp_fp": {
    "clean_acc": 0.9164285714285715,
    "masked_acc": 0.8744285714285714,
    "drop_acc": 0.04200000000000004,
    "clean_tar_1e3": 0.6785714285714286,
    "masked_tar_1e3": 0.294,
    "drop_tar_1e3": 0.3845714285714286,
    "clean_tar_1e4": 0.6485714285714286,
    "masked_tar_1e4": 0.1762857142857143
  },
  "agedb_30": {
    "clean_acc": 0.9296666666666666,
    "masked_acc": 0.8896666666666667,
    "drop_acc": 0.039999999999999925,
    "clean_tar_1e3": 0.5773333333333334,
    "masked_tar_1e3": 0.295,
    "drop_tar_1e3": 0.2823333333333334,
    "clean_tar_1e4": 0.015,
    "masked_tar_1e4": 0.183
  },
  "cplfw": {
    "clean_acc": 0.881,
    "masked_acc": 0.843,
    "drop_acc": 0.038000000000000034,
    "clean_tar_1e3": 0.4643333333333333,
    "masked_tar_1e3": 0.247,
    "drop_tar_1e3": 0.21733333333333332,
    "clean_tar_1e4": 0.25,
    "masked_tar_1e4": 0.029333333333333333
  },
  "calfw": {
    "clean_acc": 0.9231666666666667,
    "masked_acc": 0.9125,
    "drop_acc": 0.010666666666666713,
    "clean_tar_1e3": 0.7426666666666667,
    "masked_tar_1e3": 0.5366666666666666,
    "drop_tar_1e3": 0.20600000000000007,
    "clean_tar_1e4": 0.0003333333333333333,
    "masked_tar_1e4": 0.36233333333333334
  }
}