{
  "lfw": {
    "clean_acc": 0.99,
    "masked_acc": 0.9848333333333333,
    "drop_acc": 0.005166666666666653,
    "clean_tar_1e3": 0.9803333333333333,
    "masked_tar_1e3": 0.9616666666666667,
    "drop_tar_1e3": 0.01866666666666661,
    "clean_tar_1e4": 0.9753333333333334,
    "masked_tar_1e4": 0.916
  },
  "cfp_fp": {
    "clean_acc": 0.9154285714285715,
    "masked_acc": 0.8708571428571429,
    "drop_acc": 0.044571428571428595,
    "clean_tar_1e3": 0.7042857142857143,
    "masked_tar_1e3": 0.406,
    "drop_tar_1e3": 0.29828571428571427,
    "clean_tar_1e4": 0.5714285714285714,
    "masked_tar_1e4": 0.3345714285714286
  },
  "agedb_30": {
    "clean_acc": 0.94,
    "masked_acc": 0.8956666666666667,
    "drop_acc": 0.044333333333333225,
    "clean_tar_1e3": 0.7523333333333333,
    "masked_tar_1e3": 0.43166666666666664,
    "drop_tar_1e3": 0.32066666666666666,
    "clean_tar_1e4": 0.6666666666666666,
    "masked_tar_1e4": 0.296
  },
  "cplfw": {
    "clean_acc": 0.8971666666666667,
    "masked_acc": 0.855,
    "drop_acc": 0.042166666666666686,
    "clean_tar_1e3": 0.499,
    "masked_tar_1e3": 0.351,
    "drop_tar_1e3": 0.14800000000000002,
    "clean_tar_1e4": 0.123,
    "masked_tar_1e4": 0.019666666666666666
  },
  "calfw": {
    "clean_acc": 0.9406666666666667,
    "masked_acc": 0.9236666666666666,
    "drop_acc": 0.017000000000000015,
    "clean_tar_1e3": 0.754,
    "masked_tar_1e3": 0.6536666666666666,
    "drop_tar_1e3": 0.10033333333333339,
    "clean_tar_1e4": 0.0,
    "masked_tar_1e4": 0.5163333333333333
  }
}