{
  "protocol": "ijbc",
  "num_faces": 469375,
  "num_templates": 23124,
  "num_pairs_total": 15658489,
  "num_pairs_scored": 15658489,
  "num_pairs_missing_t1": 0,
  "num_pairs_missing_t2": 0,
  "missing_face_images": 0,
  "template_pooling": "magface_weighted",
  "roc_auc": 0.9937339519291924,
  "num_scores_non_finite": 0,
  "tar_far_1e-3": 0.9487140154420413,
  "tar_far_1e-4": 0.9065296313340492,
  "tar_far_1e-5": 0.8319271871964002
}