{
  "phase1/latest": {
    "lfw": {
      "clean_acc": 0.9925,
      "masked_acc": 0.983,
      "drop_acc": 0.009500000000000064,
      "clean_tar_1e3": 0.9846666666666667,
      "masked_tar_1e3": 0.9473333333333334,
      "drop_tar_1e3": 0.03733333333333333,
      "clean_tar_1e4": 0.9686666666666667,
      "masked_tar_1e4": 0.8783333333333333
    },
    "cfp_fp": {
      "clean_acc": 0.9342857142857143,
      "masked_acc": 0.8572857142857143,
      "drop_acc": 0.07699999999999996,
      "clean_tar_1e3": 0.7682857142857142,
      "masked_tar_1e3": 0.3994285714285714,
      "drop_tar_1e3": 0.36885714285714283,
      "clean_tar_1e4": 0.7065714285714285,
      "masked_tar_1e4": 0.24714285714285714
    },
    "agedb_30": {
      "clean_acc": 0.9566666666666667,
      "masked_acc": 0.898,
      "drop_acc": 0.058666666666666645,
      "clean_tar_1e3": 0.8243333333333334,
      "masked_tar_1e3": 0.36233333333333334,
      "drop_tar_1e3": 0.462,
      "clean_tar_1e4": 0.7763333333333333,
      "masked_tar_1e4": 0.30933333333333335
    },
    "cplfw": {
      "clean_acc": 0.9021666666666667,
      "masked_acc": 0.8481666666666666,
      "drop_acc": 0.05400000000000005,
      "clean_tar_1e3": 0.578,
      "masked_tar_1e3": 0.35633333333333334,
      "drop_tar_1e3": 0.22166666666666662,
      "clean_tar_1e4": 0.028,
      "masked_tar_1e4": 0.072
    },
    "calfw": {
      "clean_acc": 0.9495,
      "masked_acc": 0.9201666666666667,
      "drop_acc": 0.029333333333333322,
      "clean_tar_1e3": 0.8706666666666667,
      "masked_tar_1e3": 0.6226666666666667,
      "drop_tar_1e3": 0.248,
      "clean_tar_1e4": 0.7593333333333333,
      "masked_tar_1e4": 0.513
    }
  },
  "phase2/latest": {
    "lfw": {
      "clean_acc": 0.9736666666666667,
      "masked_acc": 0.9838333333333333,
      "drop_acc": -0.010166666666666657,
      "clean_tar_1e3": 0.9473333333333334,
      "masked_tar_1e3": 0.9303333333333333,
      "drop_tar_1e3": 0.017000000000000015,
      "clean_tar_1e4": 0.9296666666666666,
      "masked_tar_1e4": 0.8353333333333334
    },
    "cfp_fp": {
      "clean_acc": 0.9164285714285715,
      "masked_acc": 0.8744285714285714,
      "drop_acc": 0.04200000000000004,
      "clean_tar_1e3": 0.6785714285714286,
      "masked_tar_1e3": 0.294,
      "drop_tar_1e3": 0.3845714285714286,
      "clean_tar_1e4": 0.6485714285714286,
      "masked_tar_1e4": 0.1762857142857143
    },
    "agedb_30": {
      "clean_acc": 0.9296666666666666,
      "masked_acc": 0.8896666666666667,
      "drop_acc": 0.039999999999999925,
      "clean_tar_1e3": 0.5773333333333334,
      "masked_tar_1e3": 0.295,
      "drop_tar_1e3": 0.2823333333333334,
      "clean_tar_1e4": 0.015,
      "masked_tar_1e4": 0.183
    },
    "cplfw": {
      "clean_acc": 0.881,
      "masked_acc": 0.843,
      "drop_acc": 0.038000000000000034,
      "clean_tar_1e3": 0.4643333333333333,
      "masked_tar_1e3": 0.247,
      "drop_tar_1e3": 0.21733333333333332,
      "clean_tar_1e4": 0.25,
      "masked_tar_1e4": 0.029333333333333333
    },
    "calfw": {
      "clean_acc": 0.9231666666666667,
      "masked_acc": 0.9125,
      "drop_acc": 0.010666666666666713,
      "clean_tar_1e3": 0.7426666666666667,
      "masked_tar_1e3": 0.5366666666666666,
      "drop_tar_1e3": 0.20600000000000007,
      "clean_tar_1e4": 0.0003333333333333333,
      "masked_tar_1e4": 0.36233333333333334
    }
  },
  "phase3/swa": {
    "lfw": {
      "clean_acc": 0.99,
      "masked_acc": 0.9848333333333333,
      "drop_acc": 0.005166666666666653,
      "clean_tar_1e3": 0.9803333333333333,
      "masked_tar_1e3": 0.9616666666666667,
      "drop_tar_1e3": 0.01866666666666661,
      "clean_tar_1e4": 0.9753333333333334,
      "masked_tar_1e4": 0.916
    },
    "cfp_fp": {
      "clean_acc": 0.9154285714285715,
      "masked_acc": 0.8708571428571429,
      "drop_acc": 0.044571428571428595,
      "clean_tar_1e3": 0.7042857142857143,
      "masked_tar_1e3": 0.406,
      "drop_tar_1e3": 0.29828571428571427,
      "clean_tar_1e4": 0.5714285714285714,
      "masked_tar_1e4": 0.3345714285714286
    },
    "agedb_30": {
      "clean_acc": 0.94,
      "masked_acc": 0.8956666666666667,
      "drop_acc": 0.044333333333333225,
      "clean_tar_1e3": 0.7523333333333333,
      "masked_tar_1e3": 0.43166666666666664,
      "drop_tar_1e3": 0.32066666666666666,
      "clean_tar_1e4": 0.6666666666666666,
      "masked_tar_1e4": 0.296
    },
    "cplfw": {
      "clean_acc": 0.8971666666666667,
      "masked_acc": 0.855,
      "drop_acc": 0.042166666666666686,
      "clean_tar_1e3": 0.499,
      "masked_tar_1e3": 0.351,
      "drop_tar_1e3": 0.14800000000000002,
      "clean_tar_1e4": 0.123,
      "masked_tar_1e4": 0.019666666666666666
    },
    "calfw": {
      "clean_acc": 0.9406666666666667,
      "masked_acc": 0.9236666666666666,
      "drop_acc": 0.017000000000000015,
      "clean_tar_1e3": 0.754,
      "masked_tar_1e3": 0.6536666666666666,
      "drop_tar_1e3": 0.10033333333333339,
      "clean_tar_1e4": 0.0,
      "masked_tar_1e4": 0.5163333333333333
    }
  }
}