{
  "protocol": "ijbc",
  "num_faces": 469375,
  "num_templates": 23124,
  "num_pairs_total": 15658489,
  "num_pairs_scored": 15658489,
  "num_pairs_missing_t1": 0,
  "num_pairs_missing_t2": 0,
  "missing_face_images": 0,
  "template_pooling": "magface_weighted",
  "roc_auc": 0.9953013572400777,
  "num_scores_non_finite": 0,
  "tar_far_1e-3": 0.9390499565373012,
  "tar_far_1e-4": 0.8735491128496191,
  "tar_far_1e-5": 0.755126041826456
}
